[
    {
        "type": "message",
        "subtype": "channel_join",
        "ts": "1694993568.511099",
        "user": "U05SQ9E71EF",
        "text": "<@U05SQ9E71EF> has joined the channel"
    },
    {
        "client_msg_id": "9c5066fc-46f5-482e-bdb0-905e55c74d86",
        "type": "message",
        "text": "*@james.taylor*: Hey team, let's kick off our Q4 planning. We should be thinking about wrapping up the year strong and setting ourselves up for success next year. :rocket:\n*@melanie.wong*: Agreed, James. I've pulled the metrics for Q3, and it looks like we exceeded our targets in the EMEA region. How can we replicate that success in Q4?\n*@raul.gonzalez*: That's great news, Melanie! Do we have a breakdown of what specifically worked in EMEA? Would be great to understand before our deep-dive session.\n*@sasha.petrov*: Raul, I'll be sharing a detailed report during our team meeting tomorrow. Preliminary findings suggest our new marketing campaign played a significant role.\n*@karen.lee*: Awesome. Let's also not forget to factor in the holiday season. We usually see a surge in sales during that time. Any ideas on special promotions or partnerships?\n*@michael.obrien*: Speaking of holidays, I've been in touch with the design team about holiday-themed packaging. It's still in the works, but it's looking promising!\n*@priya.kumar*: Michael, that's a brilliant idea! A festive touch can make a huge difference. Let's brainstorm some unique taglines for our campaign.\n*@lucas.martinez*: How about: \"Wrap up the year with [Brand Name] - Celebrate Q4 and beyond!\"?\n*@natalie.smith*: Love it, Lucas! Also, we should be thinking about our inventory levels, especially with the increased demand we're expecting.\n*@henry.jones*: Natalie, I'm on it. Will coordinate with the logistics team and ensure we're well-stocked.\n*@amara.diop*: Let's not forget about our digital presence. We need to ramp up our social media and online advertising. Perhaps a countdown to New Year with daily deals?\n*@benjamin.liu*: That sounds engaging, Amara. I can work with the tech team to ensure our website can handle the increased traffic.\n*@isabel.fernandez*: All these ideas sound fantastic! Let's compile them into a cohesive Q4 strategy. Can we set up a meeting for later this week to finalize?",
        "user": "U05SQ9E71EF",
        "ts": "1694994022.613839",
        "blocks": [
            {
                "type": "rich_text",
                "block_id": "s32I",
                "elements": [
                    {
                        "type": "rich_text_section",
                        "elements": [
                            {
                                "type": "text",
                                "text": "@james.taylor",
                                "style": {
                                    "bold": true
                                }
                            },
                            {
                                "type": "text",
                                "text": ": Hey team, let's kick off our Q4 planning. We should be thinking about wrapping up the year strong and setting ourselves up for success next year. "
                            },
                            {
                                "type": "emoji",
                                "name": "rocket",
                                "unicode": "1f680"
                            },
                            {
                                "type": "text",
                                "text": "\n"
                            },
                            {
                                "type": "text",
                                "text": "@melanie.wong",
                                "style": {
                                    "bold": true
                                }
                            },
                            {
                                "type": "text",
                                "text": ": Agreed, James. I've pulled the metrics for Q3, and it looks like we exceeded our targets in the EMEA region. How can we replicate that success in Q4?\n"
                            },
                            {
                                "type": "text",
                                "text": "@raul.gonzalez",
                                "style": {
                                    "bold": true
                                }
                            },
                            {
                                "type": "text",
                                "text": ": That's great news, Melanie! Do we have a breakdown of what specifically worked in EMEA? Would be great to understand before our deep-dive session.\n"
                            },
                            {
                                "type": "text",
                                "text": "@sasha.petrov",
                                "style": {
                                    "bold": true
                                }
                            },
                            {
                                "type": "text",
                                "text": ": Raul, I'll be sharing a detailed report during our team meeting tomorrow. Preliminary findings suggest our new marketing campaign played a significant role.\n"
                            },
                            {
                                "type": "text",
                                "text": "@karen.lee",
                                "style": {
                                    "bold": true
                                }
                            },
                            {
                                "type": "text",
                                "text": ": Awesome. Let's also not forget to factor in the holiday season. We usually see a surge in sales during that time. Any ideas on special promotions or partnerships?\n"
                            },
                            {
                                "type": "text",
                                "text": "@michael.obrien",
                                "style": {
                                    "bold": true
                                }
                            },
                            {
                                "type": "text",
                                "text": ": Speaking of holidays, I've been in touch with the design team about holiday-themed packaging. It's still in the works, but it's looking promising!\n"
                            },
                            {
                                "type": "text",
                                "text": "@priya.kumar",
                                "style": {
                                    "bold": true
                                }
                            },
                            {
                                "type": "text",
                                "text": ": Michael, that's a brilliant idea! A festive touch can make a huge difference. Let's brainstorm some unique taglines for our campaign.\n"
                            },
                            {
                                "type": "text",
                                "text": "@lucas.martinez",
                                "style": {
                                    "bold": true
                                }
                            },
                            {
                                "type": "text",
                                "text": ": How about: \"Wrap up the year with [Brand Name] - Celebrate Q4 and beyond!\"?\n"
                            },
                            {
                                "type": "text",
                                "text": "@natalie.smith",
                                "style": {
                                    "bold": true
                                }
                            },
                            {
                                "type": "text",
                                "text": ": Love it, Lucas! Also, we should be thinking about our inventory levels, especially with the increased demand we're expecting.\n"
                            },
                            {
                                "type": "text",
                                "text": "@henry.jones",
                                "style": {
                                    "bold": true
                                }
                            },
                            {
                                "type": "text",
                                "text": ": Natalie, I'm on it. Will coordinate with the logistics team and ensure we're well-stocked.\n"
                            },
                            {
                                "type": "text",
                                "text": "@amara.diop",
                                "style": {
                                    "bold": true
                                }
                            },
                            {
                                "type": "text",
                                "text": ": Let's not forget about our digital presence. We need to ramp up our social media and online advertising. Perhaps a countdown to New Year with daily deals?\n"
                            },
                            {
                                "type": "text",
                                "text": "@benjamin.liu",
                                "style": {
                                    "bold": true
                                }
                            },
                            {
                                "type": "text",
                                "text": ": That sounds engaging, Amara. I can work with the tech team to ensure our website can handle the increased traffic.\n"
                            },
                            {
                                "type": "text",
                                "text": "@isabel.fernandez",
                                "style": {
                                    "bold": true
                                }
                            },
                            {
                                "type": "text",
                                "text": ": All these ideas sound fantastic! Let's compile them into a cohesive Q4 strategy. Can we set up a meeting for later this week to finalize?"
                            }
                        ]
                    }
                ]
            }
        ],
        "team": "T05SMEKVCS1",
        "user_team": "T05SMEKVCS1",
        "source_team": "T05SMEKVCS1",
        "user_profile": {
            "avatar_hash": "gcab56532cec",
            "image_72": "https:\/\/secure.gravatar.com\/avatar\/cab56532cec2050f2cf0e88ff7362b94.jpg?s=72&d=https%3A%2F%2Fa.slack-edge.com%2Fdf10d%2Fimg%2Favatars%2Fava_0001-72.png",
            "first_name": "aarushi",
            "real_name": "aarushi",
            "display_name": "",
            "team": "T05SMEKVCS1",
            "name": "aarushik93",
            "is_restricted": false,
            "is_ultra_restricted": false
        }
    },
    {
        "client_msg_id": "6cf926c7-d99d-41ad-af93-526771b227a4",
        "type": "message",
        "text": "*@daniel.yeung*: Team, our customer support has been stellar this year. For Q4, I suggest we aim for even quicker response times. It'll help with the holiday rush.\n*@fiona.mccarthy*: Agreed, Daniel. I've been looking into AI chatbots that can handle basic queries and free up our human agents for more complex issues.\n*@omar.hassan*: Fiona, that's forward-thinking! Which platforms are you considering?\n*@ella.rodriguez*: On the product side, we're rolling out three new features in Q4. It'd be great if marketing can highlight these in upcoming campaigns.\n*@leon.wu*: Ella, could you send over a brief on those? We'll work it into our messaging.\n*@ruby.morrison*: Just a heads up, we're expecting some industry regulations to be updated in Q4. We should be prepared for any necessary adjustments.\n*@victor.silva*: Thanks for the heads up, Ruby. Let's schedule a call with legal to ensure we're in the clear.\n*@zara.khan*: Does anyone have insights into how our competitors are prepping for Q4? It might give us a competitive edge.\n*@noah.kim*: I attended a webinar last week where [Competitor Name] hinted at their Q4 strategies. I'll put together a summary and share with everyone.\n*@lily.patel*: Also, are we considering any end-of-year bonuses or incentives for the team? It's been a challenging year, and it might boost morale.\n*@sebastian.gomez*: Lily, that's a great point. Let's discuss it in our next leadership meeting.\n*@tara.nguyen*: Lastly, let's make sure our remote work tools and setups are optimized. We don't want any tech glitches hampering our Q4 efforts.\n*@aaron.joseph*: I've been in touch with IT about that, Tara. They're rolling out updates next week to ensure smoother operations.",
        "user": "U05SQ9E71EF",
        "ts": "1694994039.212309",
        "blocks": [
            {
                "type": "rich_text",
                "block_id": "v2Hu",
                "elements": [
                    {
                        "type": "rich_text_section",
                        "elements": [
                            {
                                "type": "text",
                                "text": "@daniel.yeung",
                                "style": {
                                    "bold": true
                                }
                            },
                            {
                                "type": "text",
                                "text": ": Team, our customer support has been stellar this year. For Q4, I suggest we aim for even quicker response times. It'll help with the holiday rush.\n"
                            },
                            {
                                "type": "text",
                                "text": "@fiona.mccarthy",
                                "style": {
                                    "bold": true
                                }
                            },
                            {
                                "type": "text",
                                "text": ": Agreed, Daniel. I've been looking into AI chatbots that can handle basic queries and free up our human agents for more complex issues.\n"
                            },
                            {
                                "type": "text",
                                "text": "@omar.hassan",
                                "style": {
                                    "bold": true
                                }
                            },
                            {
                                "type": "text",
                                "text": ": Fiona, that's forward-thinking! Which platforms are you considering?\n"
                            },
                            {
                                "type": "text",
                                "text": "@ella.rodriguez",
                                "style": {
                                    "bold": true
                                }
                            },
                            {
                                "type": "text",
                                "text": ": On the product side, we're rolling out three new features in Q4. It'd be great if marketing can highlight these in upcoming campaigns.\n"
                            },
                            {
                                "type": "text",
                                "text": "@leon.wu",
                                "style": {
                                    "bold": true
                                }
                            },
                            {
                                "type": "text",
                                "text": ": Ella, could you send over a brief on those? We'll work it into our messaging.\n"
                            },
                            {
                                "type": "text",
                                "text": "@ruby.morrison",
                                "style": {
                                    "bold": true
                                }
                            },
                            {
                                "type": "text",
                                "text": ": Just a heads up, we're expecting some industry regulations to be updated in Q4. We should be prepared for any necessary adjustments.\n"
                            },
                            {
                                "type": "text",
                                "text": "@victor.silva",
                                "style": {
                                    "bold": true
                                }
                            },
                            {
                                "type": "text",
                                "text": ": Thanks for the heads up, Ruby. Let's schedule a call with legal to ensure we're in the clear.\n"
                            },
                            {
                                "type": "text",
                                "text": "@zara.khan",
                                "style": {
                                    "bold": true
                                }
                            },
                            {
                                "type": "text",
                                "text": ": Does anyone have insights into how our competitors are prepping for Q4? It might give us a competitive edge.\n"
                            },
                            {
                                "type": "text",
                                "text": "@noah.kim",
                                "style": {
                                    "bold": true
                                }
                            },
                            {
                                "type": "text",
                                "text": ": I attended a webinar last week where [Competitor Name] hinted at their Q4 strategies. I'll put together a summary and share with everyone.\n"
                            },
                            {
                                "type": "text",
                                "text": "@lily.patel",
                                "style": {
                                    "bold": true
                                }
                            },
                            {
                                "type": "text",
                                "text": ": Also, are we considering any end-of-year bonuses or incentives for the team? It's been a challenging year, and it might boost morale.\n"
                            },
                            {
                                "type": "text",
                                "text": "@sebastian.gomez",
                                "style": {
                                    "bold": true
                                }
                            },
                            {
                                "type": "text",
                                "text": ": Lily, that's a great point. Let's discuss it in our next leadership meeting.\n"
                            },
                            {
                                "type": "text",
                                "text": "@tara.nguyen",
                                "style": {
                                    "bold": true
                                }
                            },
                            {
                                "type": "text",
                                "text": ": Lastly, let's make sure our remote work tools and setups are optimized. We don't want any tech glitches hampering our Q4 efforts.\n"
                            },
                            {
                                "type": "text",
                                "text": "@aaron.joseph",
                                "style": {
                                    "bold": true
                                }
                            },
                            {
                                "type": "text",
                                "text": ": I've been in touch with IT about that, Tara. They're rolling out updates next week to ensure smoother operations."
                            }
                        ]
                    }
                ]
            }
        ],
        "team": "T05SMEKVCS1",
        "user_team": "T05SMEKVCS1",
        "source_team": "T05SMEKVCS1",
        "user_profile": {
            "avatar_hash": "gcab56532cec",
            "image_72": "https:\/\/secure.gravatar.com\/avatar\/cab56532cec2050f2cf0e88ff7362b94.jpg?s=72&d=https%3A%2F%2Fa.slack-edge.com%2Fdf10d%2Fimg%2Favatars%2Fava_0001-72.png",
            "first_name": "aarushi",
            "real_name": "aarushi",
            "display_name": "",
            "team": "T05SMEKVCS1",
            "name": "aarushik93",
            "is_restricted": false,
            "is_ultra_restricted": false
        }
    }
]