[
{
    "id": "C05SHNVLYSJ",
    "name": "general",
    "created": 1694993568,
    "creator": "U05SQ9E71EF",
    "is_archived": false,
    "is_general": true,
    "members": [
        "U05SQ9E71EF"
    ],
    "topic": {
        "value": "",
        "creator": "",
        "last_set": 0
    },
    "purpose": {
        "value": "This is the one channel that will always include everyone. It’s a great spot for announcements and team-wide conversations.",
        "creator": "U05SQ9E71EF",
        "last_set": 1694993568
    }
},
{
    "id": "C05SQCAARL2",
    "name": "random",
    "created": 1694993568,
    "creator": "U05SQ9E71EF",
    "is_archived": false,
    "is_general": false,
    "members": [
        "U05SQ9E71EF"
    ],
    "topic": {
        "value": "",
        "creator": "",
        "last_set": 0
    },
    "purpose": {
        "value": "This channel is for... well, everything else. It’s a place for team jokes, spur-of-the-moment ideas, and funny GIFs. Go wild!",
        "creator": "U05SQ9E71EF",
        "last_set": 1694993568
    }
},
{
    "id": "C05SQCBGARY",
    "name": "q4-planning",
    "created": 1694993628,
    "creator": "U05SQ9E71EF",
    "is_archived": false,
    "is_general": false,
    "members": [
        "U05SQ9E71EF"
    ],
    "topic": {
        "value": "",
        "creator": "",
        "last_set": 0
    },
    "purpose": {
        "value": "This channel is for everything #q4-planning. Hold meetings, share docs, and make decisions together with your team.",
        "creator": "U05SQ9E71EF",
        "last_set": 1694993628
    }
},
{
    "id": "C05TDCJ94BS",
    "name": "hr",
    "created": 1694994269,
    "creator": "U05SQ9E71EF",
    "is_archived": false,
    "is_general": false,
    "members": [
        "U05SQ9E71EF"
    ],
    "topic": {
        "value": "",
        "creator": "",
        "last_set": 0
    },
    "purpose": {
        "value": "",
        "creator": "",
        "last_set": 0
    }
}
]