[
{"id":"U05SQ9E71EF","team_id":"T05SMEKVCS1","name":"aarushik93","deleted":false,"color":"9f69e7","real_name":"aarushi","tz":"Europe\/London","tz_label":"British Summer Time","tz_offset":3600,"profile":{"title":"","phone":"","skype":"","real_name":"aarushi","real_name_normalized":"aarushi","display_name":"","display_name_normalized":"","fields":{},"status_text":"","status_emoji":"","status_emoji_display_info":[],"status_expiration":0,"avatar_hash":"gcab56532cec","email":"aarushik93@gmail.com","first_name":"aarushi","last_name":"","image_24":"https:\/\/secure.gravatar.com\/avatar\/cab56532cec2050f2cf0e88ff7362b94.jpg?s=24&d=https%3A%2F%2Fa.slack-edge.com%2Fdf10d%2Fimg%2Favatars%2Fava_0001-24.png","image_32":"https:\/\/secure.gravatar.com\/avatar\/cab56532cec2050f2cf0e88ff7362b94.jpg?s=32&d=https%3A%2F%2Fa.slack-edge.com%2Fdf10d%2Fimg%2Favatars%2Fava_0001-32.png","image_48":"https:\/\/secure.gravatar.com\/avatar\/cab56532cec2050f2cf0e88ff7362b94.jpg?s=48&d=https%3A%2F%2Fa.slack-edge.com%2Fdf10d%2Fimg%2Favatars%2Fava_0001-48.png","image_72":"https:\/\/secure.gravatar.com\/avatar\/cab56532cec2050f2cf0e88ff7362b94.jpg?s=72&d=https%3A%2F%2Fa.slack-edge.com%2Fdf10d%2Fimg%2Favatars%2Fava_0001-72.png","image_192":"https:\/\/secure.gravatar.com\/avatar\/cab56532cec2050f2cf0e88ff7362b94.jpg?s=192&d=https%3A%2F%2Fa.slack-edge.com%2Fdf10d%2Fimg%2Favatars%2Fava_0001-192.png","image_512":"https:\/\/secure.gravatar.com\/avatar\/cab56532cec2050f2cf0e88ff7362b94.jpg?s=512&d=https%3A%2F%2Fa.slack-edge.com%2Fdf10d%2Fimg%2Favatars%2Fava_0001-512.png","status_text_canonical":"","team":"T05SMEKVCS1"},"is_admin":true,"is_owner":true,"is_primary_owner":true,"is_restricted":false,"is_ultra_restricted":false,"is_bot":false,"is_app_user":false,"updated":1694993595,"is_email_confirmed":true,"who_can_share_contact_card":"EVERYONE"}
]