[
    {
        "type": "message",
        "subtype": "channel_join",
        "ts": "1694994269.550179",
        "user": "U05SQ9E71EF",
        "text": "<@U05SQ9E71EF> has joined the channel"
    },
    {
        "client_msg_id": "48d97854-10e1-48ab-add6-850598ccda3b",
        "type": "message",
        "text": "*@alex.hampton*: Hey HR team, I recently moved. Where can I update my address for company records?\n*@HR_Linda*: Hi Alex! You can update your personal details, including your address, in the 'My Profile' section of the HR portal. Please make sure to do so as soon as possible for accurate records.\n\n*@priya.kumar*: Quick question: How many personal days do we get each year, and how do they differ from vacation days?\n*@HR_Marcus*: Hi Priya! Employees receive 5 personal days annually. Unlike vacation days, these don't need to be planned in advance and can be used for emergencies or other unplanned events. Remember to notify your manager when taking a personal day.\n\n*@lucas.gomez*: Is there a deadline for using our annual health benefits? I haven't used mine yet.\n*@HR_Elena*: Hey Lucas! Yes, health benefits are based on the calendar year and reset on January 1st. Make sure to utilize them before December 31st to get the most out of your package.\n\n*@sasha.petrov*: I'm thinking about furthering my education. Does the company offer any tuition reimbursement programs?\n*@HR_Caroline*: Absolutely, Sasha! We do offer tuition reimbursement for courses related to your role. Please refer to the 'Employee Benefits' section on the HR portal for details and the application process.\n\n*@mohammed.aziz*: Can someone guide me on how to add a new dependent to my insurance?\n*@HR_Linda*: Of course, Mohammed! You can add a new dependent through the 'Insurance and Benefits' tab in the HR portal. If you need step-by-step guidance, feel free to set up a meeting with me.\n\n*@natalie.jones*: I'm planning a trip in December. How early should I submit my vacation request?\n*@HR_Marcus*: Hi Natalie! It's best to submit vacation requests at least 30 days in advance, especially for peak vacation times like December. This helps ensure proper coverage and planning within your team.\n\n*@henry.chen*: With the new remote work policies, do we have guidelines on setting up a home office?\n*@HR_Elena*: Great question, Henry! Yes, we have a 'Remote Work Guidelines' document available on the HR portal. It covers best practices, ergonomic setups, and potential reimbursements for home office equipment.\n\n*@zara.khan*: I've been feeling a bit overwhelmed recently. Do we have any resources or support for mental well-being?\n*@HR_Caroline*: I'm sorry to hear that, Zara. Your well-being is important to us. We have an Employee Assistance Program (EAP) that offers counseling and other resources. Please check the 'Well-being and Support' section on the HR portal or reach out privately if you need more information.",
        "user": "U05SQ9E71EF",
        "ts": "1694994290.747209",
        "blocks": [
            {
                "type": "rich_text",
                "block_id": "ZIwy",
                "elements": [
                    {
                        "type": "rich_text_section",
                        "elements": [
                            {
                                "type": "text",
                                "text": "@alex.hampton",
                                "style": {
                                    "bold": true
                                }
                            },
                            {
                                "type": "text",
                                "text": ": Hey HR team, I recently moved. Where can I update my address for company records?\n"
                            },
                            {
                                "type": "text",
                                "text": "@HR_Linda",
                                "style": {
                                    "bold": true
                                }
                            },
                            {
                                "type": "text",
                                "text": ": Hi Alex! You can update your personal details, including your address, in the 'My Profile' section of the HR portal. Please make sure to do so as soon as possible for accurate records.\n\n"
                            },
                            {
                                "type": "text",
                                "text": "@priya.kumar",
                                "style": {
                                    "bold": true
                                }
                            },
                            {
                                "type": "text",
                                "text": ": Quick question: How many personal days do we get each year, and how do they differ from vacation days?\n"
                            },
                            {
                                "type": "text",
                                "text": "@HR_Marcus",
                                "style": {
                                    "bold": true
                                }
                            },
                            {
                                "type": "text",
                                "text": ": Hi Priya! Employees receive 5 personal days annually. Unlike vacation days, these don't need to be planned in advance and can be used for emergencies or other unplanned events. Remember to notify your manager when taking a personal day.\n\n"
                            },
                            {
                                "type": "text",
                                "text": "@lucas.gomez",
                                "style": {
                                    "bold": true
                                }
                            },
                            {
                                "type": "text",
                                "text": ": Is there a deadline for using our annual health benefits? I haven't used mine yet.\n"
                            },
                            {
                                "type": "text",
                                "text": "@HR_Elena",
                                "style": {
                                    "bold": true
                                }
                            },
                            {
                                "type": "text",
                                "text": ": Hey Lucas! Yes, health benefits are based on the calendar year and reset on January 1st. Make sure to utilize them before December 31st to get the most out of your package.\n\n"
                            },
                            {
                                "type": "text",
                                "text": "@sasha.petrov",
                                "style": {
                                    "bold": true
                                }
                            },
                            {
                                "type": "text",
                                "text": ": I'm thinking about furthering my education. Does the company offer any tuition reimbursement programs?\n"
                            },
                            {
                                "type": "text",
                                "text": "@HR_Caroline",
                                "style": {
                                    "bold": true
                                }
                            },
                            {
                                "type": "text",
                                "text": ": Absolutely, Sasha! We do offer tuition reimbursement for courses related to your role. Please refer to the 'Employee Benefits' section on the HR portal for details and the application process.\n\n"
                            },
                            {
                                "type": "text",
                                "text": "@mohammed.aziz",
                                "style": {
                                    "bold": true
                                }
                            },
                            {
                                "type": "text",
                                "text": ": Can someone guide me on how to add a new dependent to my insurance?\n"
                            },
                            {
                                "type": "text",
                                "text": "@HR_Linda",
                                "style": {
                                    "bold": true
                                }
                            },
                            {
                                "type": "text",
                                "text": ": Of course, Mohammed! You can add a new dependent through the 'Insurance and Benefits' tab in the HR portal. If you need step-by-step guidance, feel free to set up a meeting with me.\n\n"
                            },
                            {
                                "type": "text",
                                "text": "@natalie.jones",
                                "style": {
                                    "bold": true
                                }
                            },
                            {
                                "type": "text",
                                "text": ": I'm planning a trip in December. How early should I submit my vacation request?\n"
                            },
                            {
                                "type": "text",
                                "text": "@HR_Marcus",
                                "style": {
                                    "bold": true
                                }
                            },
                            {
                                "type": "text",
                                "text": ": Hi Natalie! It's best to submit vacation requests at least 30 days in advance, especially for peak vacation times like December. This helps ensure proper coverage and planning within your team.\n\n"
                            },
                            {
                                "type": "text",
                                "text": "@henry.chen",
                                "style": {
                                    "bold": true
                                }
                            },
                            {
                                "type": "text",
                                "text": ": With the new remote work policies, do we have guidelines on setting up a home office?\n"
                            },
                            {
                                "type": "text",
                                "text": "@HR_Elena",
                                "style": {
                                    "bold": true
                                }
                            },
                            {
                                "type": "text",
                                "text": ": Great question, Henry! Yes, we have a 'Remote Work Guidelines' document available on the HR portal. It covers best practices, ergonomic setups, and potential reimbursements for home office equipment.\n\n"
                            },
                            {
                                "type": "text",
                                "text": "@zara.khan",
                                "style": {
                                    "bold": true
                                }
                            },
                            {
                                "type": "text",
                                "text": ": I've been feeling a bit overwhelmed recently. Do we have any resources or support for mental well-being?\n"
                            },
                            {
                                "type": "text",
                                "text": "@HR_Caroline",
                                "style": {
                                    "bold": true
                                }
                            },
                            {
                                "type": "text",
                                "text": ": I'm sorry to hear that, Zara. Your well-being is important to us. We have an Employee Assistance Program (EAP) that offers counseling and other resources. Please check the 'Well-being and Support' section on the HR portal or reach out privately if you need more information."
                            }
                        ]
                    }
                ]
            }
        ],
        "team": "T05SMEKVCS1",
        "user_team": "T05SMEKVCS1",
        "source_team": "T05SMEKVCS1",
        "user_profile": {
            "avatar_hash": "gcab56532cec",
            "image_72": "https:\/\/secure.gravatar.com\/avatar\/cab56532cec2050f2cf0e88ff7362b94.jpg?s=72&d=https%3A%2F%2Fa.slack-edge.com%2Fdf10d%2Fimg%2Favatars%2Fava_0001-72.png",
            "first_name": "aarushi",
            "real_name": "aarushi",
            "display_name": "",
            "team": "T05SMEKVCS1",
            "name": "aarushik93",
            "is_restricted": false,
            "is_ultra_restricted": false
        }
    },
    {
        "client_msg_id": "e000f83c-8187-4bed-b1d8-ee6dce01cf4a",
        "type": "message",
        "text": "*@HR_Carla*: Hello everyone! As part of our ongoing commitment to work-life balance, we're launching *Flexible Fridays*. This means you can choose to start early and finish early on Fridays. Let's make the most of our weekends! :tada:\n\n*@HR_David*: Exciting update! Our *Parental Leave Policy* has been revised. We're now offering extended paid leave for both new mothers and fathers. For more details and eligibility criteria, please refer to the updated Employee Handbook on the HR portal.\n\n*@HR_Ella*: Hi team! We understand the importance of mental well-being. We've partnered with *Calm* to provide all employees with a free annual subscription to their meditation and sleep app. Check your email for the sign-up link. :man_in_lotus_position::woman_in_lotus_position:\n\n*@HR_Frank*: Great news for coffee lovers! :coffee: We've partnered with Best Coffee to offer a *20% discount* for all employees. Just show your company ID at the counter. Enjoy!\n\n*@HR_Grace*: Hey everyone! We're always looking for ways to enrich our work environment. Starting next week, we'll have *Weekly Yoga Sessions* in the office every Wednesday afternoon. All levels are welcome. Let's stretch and destress together!\n\n*@HR_Harry*: We've heard your feedback, and I'm pleased to announce our new *Commuter Benefits Program*. Employees can now get reimbursed for a portion of their public transport or parking expenses. Visit the HR portal for enrollment details.",
        "user": "U05SQ9E71EF",
        "ts": "1694994307.524339",
        "blocks": [
            {
                "type": "rich_text",
                "block_id": "FxLm",
                "elements": [
                    {
                        "type": "rich_text_section",
                        "elements": [
                            {
                                "type": "text",
                                "text": "@HR_Carla",
                                "style": {
                                    "bold": true
                                }
                            },
                            {
                                "type": "text",
                                "text": ": Hello everyone! As part of our ongoing commitment to work-life balance, we're launching "
                            },
                            {
                                "type": "text",
                                "text": "Flexible Fridays",
                                "style": {
                                    "bold": true
                                }
                            },
                            {
                                "type": "text",
                                "text": ". This means you can choose to start early and finish early on Fridays. Let's make the most of our weekends! "
                            },
                            {
                                "type": "emoji",
                                "name": "tada",
                                "unicode": "1f389"
                            },
                            {
                                "type": "text",
                                "text": "\n\n"
                            },
                            {
                                "type": "text",
                                "text": "@HR_David",
                                "style": {
                                    "bold": true
                                }
                            },
                            {
                                "type": "text",
                                "text": ": Exciting update! Our "
                            },
                            {
                                "type": "text",
                                "text": "Parental Leave Policy",
                                "style": {
                                    "bold": true
                                }
                            },
                            {
                                "type": "text",
                                "text": " has been revised. We're now offering extended paid leave for both new mothers and fathers. For more details and eligibility criteria, please refer to the updated Employee Handbook on the HR portal.\n\n"
                            },
                            {
                                "type": "text",
                                "text": "@HR_Ella",
                                "style": {
                                    "bold": true
                                }
                            },
                            {
                                "type": "text",
                                "text": ": Hi team! We understand the importance of mental well-being. We've partnered with "
                            },
                            {
                                "type": "text",
                                "text": "Calm",
                                "style": {
                                    "bold": true
                                }
                            },
                            {
                                "type": "text",
                                "text": " to provide all employees with a free annual subscription to their meditation and sleep app. Check your email for the sign-up link. "
                            },
                            {
                                "type": "emoji",
                                "name": "man_in_lotus_position",
                                "unicode": "1f9d8-200d-2642-fe0f"
                            },
                            {
                                "type": "emoji",
                                "name": "woman_in_lotus_position",
                                "unicode": "1f9d8-200d-2640-fe0f"
                            },
                            {
                                "type": "text",
                                "text": "\n\n"
                            },
                            {
                                "type": "text",
                                "text": "@HR_Frank",
                                "style": {
                                    "bold": true
                                }
                            },
                            {
                                "type": "text",
                                "text": ": Great news for coffee lovers! "
                            },
                            {
                                "type": "emoji",
                                "name": "coffee",
                                "unicode": "2615"
                            },
                            {
                                "type": "text",
                                "text": " We've partnered with Best Coffee to offer a "
                            },
                            {
                                "type": "text",
                                "text": "20% discount",
                                "style": {
                                    "bold": true
                                }
                            },
                            {
                                "type": "text",
                                "text": " for all employees. Just show your company ID at the counter. Enjoy!\n\n"
                            },
                            {
                                "type": "text",
                                "text": "@HR_Grace",
                                "style": {
                                    "bold": true
                                }
                            },
                            {
                                "type": "text",
                                "text": ": Hey everyone! We're always looking for ways to enrich our work environment. Starting next week, we'll have "
                            },
                            {
                                "type": "text",
                                "text": "Weekly Yoga Sessions",
                                "style": {
                                    "bold": true
                                }
                            },
                            {
                                "type": "text",
                                "text": " in the office every Wednesday afternoon. All levels are welcome. Let's stretch and destress together!\n\n"
                            },
                            {
                                "type": "text",
                                "text": "@HR_Harry",
                                "style": {
                                    "bold": true
                                }
                            },
                            {
                                "type": "text",
                                "text": ": We've heard your feedback, and I'm pleased to announce our new "
                            },
                            {
                                "type": "text",
                                "text": "Commuter Benefits Program",
                                "style": {
                                    "bold": true
                                }
                            },
                            {
                                "type": "text",
                                "text": ". Employees can now get reimbursed for a portion of their public transport or parking expenses. Visit the HR portal for enrollment details."
                            }
                        ]
                    }
                ]
            }
        ],
        "team": "T05SMEKVCS1",
        "user_team": "T05SMEKVCS1",
        "source_team": "T05SMEKVCS1",
        "user_profile": {
            "avatar_hash": "gcab56532cec",
            "image_72": "https:\/\/secure.gravatar.com\/avatar\/cab56532cec2050f2cf0e88ff7362b94.jpg?s=72&d=https%3A%2F%2Fa.slack-edge.com%2Fdf10d%2Fimg%2Favatars%2Fava_0001-72.png",
            "first_name": "aarushi",
            "real_name": "aarushi",
            "display_name": "",
            "team": "T05SMEKVCS1",
            "name": "aarushik93",
            "is_restricted": false,
            "is_ultra_restricted": false
        },
        "edited": {
            "user": "U05SQ9E71EF",
            "ts": "1694994358.000000"
        }
    },
    {
        "client_msg_id": "81e705e0-4042-41da-9fb4-66031c0a695c",
        "type": "message",
        "text": "*@Manager_Alice*: I've got a team-building event coming up. What's the budget cap for these types of events? *@HR_Isabella*: The maximum allocation for a single team-building event is $500. However, for special circumstances or larger teams, adjustments can be discussed.\n\n*@Manager_Bob*: How frequently are we supposed to use the new performance review platform? *@HR_Jason*: Performance reviews on the new platform should be conducted semi-annually, specifically in June and December. However, the platform supports continuous feedback throughout the year.\n\n*@Manager_Carla*: I'm working on the Professional Development Plans. Are there guidelines or a template I should be aware of? *@HR_Kate*: Yes, there's a template on the HR portal. The plans should align with the company's strategic goals and the individual's career aspirations.\n\n*@Manager_Dave*: Can someone like me, a senior manager, also participate in the Mentorship Program? *@HR_Leo*: Absolutely! Managers are encouraged to participate in the Mentorship Program, both as mentors and mentees. Continuous learning is vital at all levels.\n\n*@Manager_Ella*: With flexible work hours, how do we ensure everyone's putting in their required hours? *@HR_Monica*: Employees will log their hours in our time-tracking tool, which has a dashboard for managers to monitor and ensure compliance.\n\n*@Manager_Frank*: One of my team members needs a new ergonomic chair for his remote work setup. How do we go about this? *@HR_Nelson*: He should fill out the Remote Work Equipment Request form on the HR portal. Approvals typically take 3-5 business days.\n\n*@Manager_Grace*: Is attending the Diversity and Inclusion Training mandatory for my team? *@HR_Olivia*: Yes, the Diversity and Inclusion Training is mandatory for all employees. It's crucial in fostering an inclusive environment.\n\n*@Manager_Harry*: I want to highlight my team's achievements for the year. Is there a format or structure for this? *@HR_Peter*: We have a template on the HR portal under 'Resources' that you can use to ensure consistency across all teams.",
        "user": "U05SQ9E71EF",
        "ts": "1694994468.158139",
        "blocks": [
            {
                "type": "rich_text",
                "block_id": "DnD=o",
                "elements": [
                    {
                        "type": "rich_text_section",
                        "elements": [
                            {
                                "type": "text",
                                "text": "@Manager_Alice",
                                "style": {
                                    "bold": true
                                }
                            },
                            {
                                "type": "text",
                                "text": ": I've got a team-building event coming up. What's the budget cap for these types of events? "
                            },
                            {
                                "type": "text",
                                "text": "@HR_Isabella",
                                "style": {
                                    "bold": true
                                }
                            },
                            {
                                "type": "text",
                                "text": ": The maximum allocation for a single team-building event is $500. However, for special circumstances or larger teams, adjustments can be discussed.\n\n"
                            },
                            {
                                "type": "text",
                                "text": "@Manager_Bob",
                                "style": {
                                    "bold": true
                                }
                            },
                            {
                                "type": "text",
                                "text": ": How frequently are we supposed to use the new performance review platform? "
                            },
                            {
                                "type": "text",
                                "text": "@HR_Jason",
                                "style": {
                                    "bold": true
                                }
                            },
                            {
                                "type": "text",
                                "text": ": Performance reviews on the new platform should be conducted semi-annually, specifically in June and December. However, the platform supports continuous feedback throughout the year.\n\n"
                            },
                            {
                                "type": "text",
                                "text": "@Manager_Carla",
                                "style": {
                                    "bold": true
                                }
                            },
                            {
                                "type": "text",
                                "text": ": I'm working on the Professional Development Plans. Are there guidelines or a template I should be aware of? "
                            },
                            {
                                "type": "text",
                                "text": "@HR_Kate",
                                "style": {
                                    "bold": true
                                }
                            },
                            {
                                "type": "text",
                                "text": ": Yes, there's a template on the HR portal. The plans should align with the company's strategic goals and the individual's career aspirations.\n\n"
                            },
                            {
                                "type": "text",
                                "text": "@Manager_Dave",
                                "style": {
                                    "bold": true
                                }
                            },
                            {
                                "type": "text",
                                "text": ": Can someone like me, a senior manager, also participate in the Mentorship Program? "
                            },
                            {
                                "type": "text",
                                "text": "@HR_Leo",
                                "style": {
                                    "bold": true
                                }
                            },
                            {
                                "type": "text",
                                "text": ": Absolutely! Managers are encouraged to participate in the Mentorship Program, both as mentors and mentees. Continuous learning is vital at all levels.\n\n"
                            },
                            {
                                "type": "text",
                                "text": "@Manager_Ella",
                                "style": {
                                    "bold": true
                                }
                            },
                            {
                                "type": "text",
                                "text": ": With flexible work hours, how do we ensure everyone's putting in their required hours? "
                            },
                            {
                                "type": "text",
                                "text": "@HR_Monica",
                                "style": {
                                    "bold": true
                                }
                            },
                            {
                                "type": "text",
                                "text": ": Employees will log their hours in our time-tracking tool, which has a dashboard for managers to monitor and ensure compliance.\n\n"
                            },
                            {
                                "type": "text",
                                "text": "@Manager_Frank",
                                "style": {
                                    "bold": true
                                }
                            },
                            {
                                "type": "text",
                                "text": ": One of my team members needs a new ergonomic chair for his remote work setup. How do we go about this? "
                            },
                            {
                                "type": "text",
                                "text": "@HR_Nelson",
                                "style": {
                                    "bold": true
                                }
                            },
                            {
                                "type": "text",
                                "text": ": He should fill out the Remote Work Equipment Request form on the HR portal. Approvals typically take 3-5 business days.\n\n"
                            },
                            {
                                "type": "text",
                                "text": "@Manager_Grace",
                                "style": {
                                    "bold": true
                                }
                            },
                            {
                                "type": "text",
                                "text": ": Is attending the Diversity and Inclusion Training mandatory for my team? "
                            },
                            {
                                "type": "text",
                                "text": "@HR_Olivia",
                                "style": {
                                    "bold": true
                                }
                            },
                            {
                                "type": "text",
                                "text": ": Yes, the Diversity and Inclusion Training is mandatory for all employees. It's crucial in fostering an inclusive environment.\n\n"
                            },
                            {
                                "type": "text",
                                "text": "@Manager_Harry",
                                "style": {
                                    "bold": true
                                }
                            },
                            {
                                "type": "text",
                                "text": ": I want to highlight my team's achievements for the year. Is there a format or structure for this? "
                            },
                            {
                                "type": "text",
                                "text": "@HR_Peter",
                                "style": {
                                    "bold": true
                                }
                            },
                            {
                                "type": "text",
                                "text": ": We have a template on the HR portal under 'Resources' that you can use to ensure consistency across all teams."
                            }
                        ]
                    }
                ]
            }
        ],
        "team": "T05SMEKVCS1",
        "user_team": "T05SMEKVCS1",
        "source_team": "T05SMEKVCS1",
        "user_profile": {
            "avatar_hash": "gcab56532cec",
            "image_72": "https:\/\/secure.gravatar.com\/avatar\/cab56532cec2050f2cf0e88ff7362b94.jpg?s=72&d=https%3A%2F%2Fa.slack-edge.com%2Fdf10d%2Fimg%2Favatars%2Fava_0001-72.png",
            "first_name": "aarushi",
            "real_name": "aarushi",
            "display_name": "",
            "team": "T05SMEKVCS1",
            "name": "aarushik93",
            "is_restricted": false,
            "is_ultra_restricted": false
        }
    },
    {
        "client_msg_id": "b7ce6459-f48b-4155-aff4-01fdb68f3b46",
        "type": "message",
        "text": "*@HR_Angela*: :loudspeaker: Exciting News! We're officially launching our *Work from Anywhere (WFA)* policy. Starting next month, you'll have the flexibility to choose your work location, be it from home, a café, or any place that boosts your productivity.\n\n*@HR_Ben*: With our new WFA policy, there are a few guidelines to keep in mind:\n1. *Availability*: Ensure you're available during core business hours for meetings and collaborations.\n2. *Equipment*: The company will support necessary tech setups for a remote workspace. Check the HR portal for details.\n3. *Security*: Always use VPNs and secure networks when accessing company data.\n*@HR_Caroline*: Our WFA policy promotes flexibility, but remember, it's essential to maintain a work-life balance. Designate a specific workspace and set boundaries to prevent overworking.\n\n*@HR_Derek*: For those considering international locations under the WFA policy, please note there are certain guidelines. Employees must inform HR and ensure compliance with local tax and employment laws. More details are available on the HR portal.\n\n*@HR_Elise*: While we're embracing the WFA culture, we'll still have quarterly in-office days for team-building and collaborative sessions. These are great opportunities to reconnect with colleagues in person!\n\n*@HR_Frank*: Health and well-being remain a priority. If you're working from a different time zone under the WFA policy, ensure you're not attending meetings outside of reasonable hours. Speak with your manager to adjust meeting times if necessary.\n\n*@HR_Gina*: We've partnered with several coworking spaces globally! If you're traveling or need a professional workspace while using the WFA policy, reach out to HR for a list of partnered locations and access details.\n\n*@HR_Harry*: Feedback is crucial! As we roll out the WFA policy, we'd love to hear about your experiences, challenges, and suggestions. Please consider participating in our monthly WFA feedback sessions.",
        "user": "U05SQ9E71EF",
        "ts": "1694994526.384629",
        "blocks": [
            {
                "type": "rich_text",
                "block_id": "21Ym5",
                "elements": [
                    {
                        "type": "rich_text_section",
                        "elements": [
                            {
                                "type": "text",
                                "text": "@HR_Angela",
                                "style": {
                                    "bold": true
                                }
                            },
                            {
                                "type": "text",
                                "text": ": "
                            },
                            {
                                "type": "emoji",
                                "name": "loudspeaker",
                                "unicode": "1f4e2"
                            },
                            {
                                "type": "text",
                                "text": " Exciting News! We're officially launching our "
                            },
                            {
                                "type": "text",
                                "text": "Work from Anywhere (WFA)",
                                "style": {
                                    "bold": true
                                }
                            },
                            {
                                "type": "text",
                                "text": " policy. Starting next month, you'll have the flexibility to choose your work location, be it from home, a café, or any place that boosts your productivity.\n\n"
                            },
                            {
                                "type": "text",
                                "text": "@HR_Ben",
                                "style": {
                                    "bold": true
                                }
                            },
                            {
                                "type": "text",
                                "text": ": With our new WFA policy, there are a few guidelines to keep in mind:\n"
                            }
                        ]
                    },
                    {
                        "type": "rich_text_list",
                        "elements": [
                            {
                                "type": "rich_text_section",
                                "elements": [
                                    {
                                        "type": "text",
                                        "text": "Availability",
                                        "style": {
                                            "bold": true
                                        }
                                    },
                                    {
                                        "type": "text",
                                        "text": ": Ensure you're available during core business hours for meetings and collaborations."
                                    }
                                ]
                            },
                            {
                                "type": "rich_text_section",
                                "elements": [
                                    {
                                        "type": "text",
                                        "text": "Equipment",
                                        "style": {
                                            "bold": true
                                        }
                                    },
                                    {
                                        "type": "text",
                                        "text": ": The company will support necessary tech setups for a remote workspace. Check the HR portal for details."
                                    }
                                ]
                            },
                            {
                                "type": "rich_text_section",
                                "elements": [
                                    {
                                        "type": "text",
                                        "text": "Security",
                                        "style": {
                                            "bold": true
                                        }
                                    },
                                    {
                                        "type": "text",
                                        "text": ": Always use VPNs and secure networks when accessing company data."
                                    }
                                ]
                            }
                        ],
                        "style": "ordered",
                        "indent": 0,
                        "border": 0
                    },
                    {
                        "type": "rich_text_section",
                        "elements": [
                            {
                                "type": "text",
                                "text": "\n"
                            },
                            {
                                "type": "text",
                                "text": "@HR_Caroline",
                                "style": {
                                    "bold": true
                                }
                            },
                            {
                                "type": "text",
                                "text": ": Our WFA policy promotes flexibility, but remember, it's essential to maintain a work-life balance. Designate a specific workspace and set boundaries to prevent overworking.\n\n"
                            },
                            {
                                "type": "text",
                                "text": "@HR_Derek",
                                "style": {
                                    "bold": true
                                }
                            },
                            {
                                "type": "text",
                                "text": ": For those considering international locations under the WFA policy, please note there are certain guidelines. Employees must inform HR and ensure compliance with local tax and employment laws. More details are available on the HR portal.\n\n"
                            },
                            {
                                "type": "text",
                                "text": "@HR_Elise",
                                "style": {
                                    "bold": true
                                }
                            },
                            {
                                "type": "text",
                                "text": ": While we're embracing the WFA culture, we'll still have quarterly in-office days for team-building and collaborative sessions. These are great opportunities to reconnect with colleagues in person!\n\n"
                            },
                            {
                                "type": "text",
                                "text": "@HR_Frank",
                                "style": {
                                    "bold": true
                                }
                            },
                            {
                                "type": "text",
                                "text": ": Health and well-being remain a priority. If you're working from a different time zone under the WFA policy, ensure you're not attending meetings outside of reasonable hours. Speak with your manager to adjust meeting times if necessary.\n\n"
                            },
                            {
                                "type": "text",
                                "text": "@HR_Gina",
                                "style": {
                                    "bold": true
                                }
                            },
                            {
                                "type": "text",
                                "text": ": We've partnered with several coworking spaces globally! If you're traveling or need a professional workspace while using the WFA policy, reach out to HR for a list of partnered locations and access details.\n\n"
                            },
                            {
                                "type": "text",
                                "text": "@HR_Harry",
                                "style": {
                                    "bold": true
                                }
                            },
                            {
                                "type": "text",
                                "text": ": Feedback is crucial! As we roll out the WFA policy, we'd love to hear about your experiences, challenges, and suggestions. Please consider participating in our monthly WFA feedback sessions."
                            }
                        ]
                    }
                ]
            }
        ],
        "team": "T05SMEKVCS1",
        "user_team": "T05SMEKVCS1",
        "source_team": "T05SMEKVCS1",
        "user_profile": {
            "avatar_hash": "gcab56532cec",
            "image_72": "https:\/\/secure.gravatar.com\/avatar\/cab56532cec2050f2cf0e88ff7362b94.jpg?s=72&d=https%3A%2F%2Fa.slack-edge.com%2Fdf10d%2Fimg%2Favatars%2Fava_0001-72.png",
            "first_name": "aarushi",
            "real_name": "aarushi",
            "display_name": "",
            "team": "T05SMEKVCS1",
            "name": "aarushik93",
            "is_restricted": false,
            "is_ultra_restricted": false
        }
    }
]